"FSC-A","SSC-A","TNFa","IL-2","CD107a","CD8","IL-4","CD28","CD95","CD4","IL-17A","CD69","IFNy"
100581,20082.5,-56.4906,158.836,88.8562,117.145,254.77,236.022,138.95,70.7768,17.3718,26.5851,18.517
46233.6,29032.5,-184.564,432.104,1209.88,2632.01,451.857,164.423,160.657,91.9717,13.7324,-4.57202,124.803
75526.2,24329.8,-206.586,566.482,408.456,2202.01,670.342,401.316,211.973,87.0233,44.1752,-64.6059,184.102
89106.1,35097.7,-146.438,695.18,90.9918,4482.32,150.012,652.708,420.259,72.5672,-30.451,26.5445,107.647
101935,30383.3,-144.253,192.144,75.9751,157.68,241.852,382.698,231.318,53.0683,31.8911,-32.3974,40.522
126931,19671,-75.5257,272.015,151.569,1851.3,349.661,311.778,268.678,64.4634,-6.95682,-54.6433,90.8486
145098,31239.8,-91.6519,563.623,26.5274,1205.88,16.7126,80.1438,436.73,152.046,8.15222,0.0302946,27.968
99726,27785.1,-10.9424,99.6233,11.1257,100.711,180.85,259.374,213.895,-15.4871,-17.7478,-21.7374,47.2834
126236,31770.1,-58.2641,90.5318,52.7828,8.50348,133.446,521.238,375.815,14.2176,25.769,-31.5291,25.2486
85043.1,24762.4,-23.2483,97.6513,161.913,-65.7977,316.932,104.172,272.749,-21.3391,21.2793,-45.3535,34.6566
59043.7,23838.4,-101.596,163.503,516.682,243.838,390.453,398.426,282.464,5.81255,-19.5028,13.944,49.9808
116910,28773.1,-33.9166,245.874,621.005,2946.91,819.12,141.535,-64.2946,93.3316,25.1995,-43.6223,160.508
117522,30846.4,-27.5451,95.9572,60.0829,38.8173,109.44,877.589,798.931,23.741,-13.4552,-4.5868,98.0476
67884.7,19136.7,-49.3535,424.456,620.047,2262.19,478.747,246.053,136.972,96.6237,17.2403,-42.2596,44.9173
128653,41655.1,12.4855,61.5013,198.271,-71.2556,611.267,212.398,444.701,12.9212,16.0369,-4.21901,57.2365
81172.9,62206,-114.268,97.992,428.239,36.7603,4124.35,569.869,220.182,21.5699,3.47375,-26.4814,30.5632
107669,19383.8,-27.3146,196.538,48.5316,291.889,112.046,199.551,264.836,20.2304,-12.4018,-1.50099,54.1078
73205.1,35897.1,-53.6899,226.971,249.293,516.164,612.189,206.528,271.962,18.8502,-10.1523,-2.68217,60.2966
99317.2,25148.2,-133.5,491.945,251.742,3299.23,505.325,128.448,35.5513,104.161,-6.33279,-27.5856,110.918
118372,26495.5,-165.995,612.604,331.444,3164.41,517.576,152.597,170.289,102.744,-20.7032,3.81781,110.387
41955.9,29139.4,-16.9759,124.822,558.833,-48.7147,659.219,89.6499,381.6,-20.8767,22.6981,-41.5412,189.264
86627.4,27207.1,-22.6751,108.986,185.15,159.631,807.188,501.065,354.356,40.7124,15.6018,-2.63886,157.279
123805,57196.9,14.9606,135.444,605.508,2553.37,891.236,347.976,652.572,18.658,-4.01629,7.61868,110.655
296927,86805.2,-339.938,358.083,168.69,623.446,665.051,1184.03,1719.93,34.8411,7.31364,-26.4725,168.731
111192,17374.9,-616.525,89.2924,286.693,-241.366,628.36,18.1108,499.919,-49.0295,46.4442,12.7684,111.845
117487,39574.1,-167.725,216.551,237.52,1415.4,317.129,103.578,378.017,58.6668,-8.49749,-12.1446,106.801
118697,47237.7,-59.3817,150.62,382.277,7000.3,323.051,47.2974,211.004,85.3945,10.2898,8.0434,123.811
104492,19331.4,-123.677,174.436,175.342,2159.77,143.926,238.358,319.142,-21.442,40.7343,-64.3416,65.3305
51867,21636.2,-96.9213,450.265,146.452,3389.66,831.384,548.129,354.221,43.967,-14.2947,-22.9107,122.201
133090,30724.9,-58.1979,85.8859,110.262,-95.4413,173.794,523.137,446.089,-10.7933,-15.6914,-20.0723,41.5345
86088.2,39736.6,-135.751,118.782,466.753,1176.8,594.706,533.003,275.445,8.21914,39.8316,-46.9566,2.15759
114282,48728.8,-9.0806,22.5929,332.448,596.985,252.662,896.899,1047.57,-7.63251,-54.165,2.56823,68.4779
116136,37176.6,4.24847,197.19,113.648,800.558,315.765,408.34,753.456,45.3845,16.5192,6.9398,45.5872
115895,43359.9,-94.6553,214.587,945.352,4784.45,481.358,87.0245,254.945,69.3447,33.709,4.01769,132.287
129862,43096,-146.369,90.9887,83.5796,292.161,339.32,59.8532,380.415,6.9806,31.0982,-30.0713,46.8358
70754.2,26742.7,-383.541,159.869,675.981,383.598,484.474,17.3741,469.047,60.9421,16.1868,-37.1703,108.498
107198,45447.2,-55.4295,43.5159,35.1465,495.361,35.6644,672.359,524.111,22.9782,47.7258,-75.3254,9.40589
70087.9,46317.4,-131.607,-14.7124,364.392,4803.91,381.744,95.5755,275.739,102.014,-0.890334,-5.72296,-31.3559
66294.9,44910.7,-179.035,163.476,314.78,2112.71,391.946,374.463,430.016,60.6321,7.92815,-12.1605,69.1837
74152.9,42518.4,-12.1919,380.554,357.629,5404.99,369.211,96.2493,139.885,119.666,30.4413,-31.6895,42.7256
87046.8,50712.7,20.7123,165.458,125.541,11189.9,417.074,575.669,647.465,126.253,72.0047,-19.9061,160.074
70212.6,22172,-68.1813,4.66516,80.0334,341.767,334.53,220.838,458.346,3.35856,-18.6074,11.1394,48.942
38433.1,28196.1,-473.822,181.384,982.937,343.524,1159.33,465.739,363.69,-15.9843,47.2731,-62.5145,-0.80648
145859,38170.5,-38.081,54.4444,51.7254,151.652,184.014,852.948,822.051,-22.19,-1.60825,-19.515,26.0028
68676.2,31317.5,-54.5457,209.293,559.91,2695.54,654.929,121.23,103.679,60.4188,-7.50021,31.0003,141.151
133439,52322.3,-8.41095,57.946,687.043,11948.7,239.937,101.268,489.228,109.923,-10.3896,13.6808,27.9219
109231,40298.3,-160.425,236.174,261.239,8081.57,748.988,114.369,121.34,52.9221,-9.70142,-3.67751,68.4225
95441.7,36831.1,-80.6352,67.5813,582.523,569.002,456.334,419.052,404.527,40.6609,-9.27606,-34.312,47.2134
45128.8,38377.9,-120.035,206.202,980.907,4858.57,456.225,110.528,139.037,132.608,4.34341,10.0074,68.723
89183.1,42565.4,-13.9597,73.3467,97.0127,680.03,191.026,1123.01,660.22,35.3194,-37.9149,15.1635,89.2838
99496.3,42792.9,-240.521,212.317,61.1818,6354.43,303.528,126.669,179.629,78.5639,-7.13137,27.3228,108.392
102241,24319.6,-67.4735,5.35668,164.849,2318.95,276.777,388.448,289.821,52.7819,-38.4775,59.3419,26.0181
115300,35081.1,-115.196,-36.2493,31.7575,3340.06,91.4008,847.8,514.303,-16.0753,-12.1037,-41.989,33.0604
119060,52485.2,-102.529,133.725,137.322,522.717,323.223,830.997,846.331,-3.09877,-4.70993,-86.5429,76.1762
76966.4,44135.3,-58.8965,-151.519,283.385,9685.82,359.158,62.5406,222.132,32.6796,17.1619,-15.3537,151.978
118791,35746.4,-10.4642,7.83719,35.096,781.314,103.867,346.825,330.073,15.4173,23.3774,-33.1758,-11.8988
119329,33619,-79.2444,-5.9518,91.6714,6127.98,303.502,970.943,720.289,108.294,-25.6037,-18.7269,-45.32
96679.8,22929.9,-58.8246,54.1942,140.087,4540.64,540.104,139.271,180.392,36.3559,21.4463,-22.9371,146.548
115804,28484.1,-53.2851,6.17272,284.108,5801.91,129.356,63.4411,249.81,18.1709,-13.5118,11.0085,7.80813
64127.6,30102.2,28.9044,43.5068,395.506,912.963,870.931,510.532,442.801,45.9127,38.2743,5.98369,86.9874
117321,45994.6,-143.258,200.043,675.374,6591.72,653.164,88.4428,431.464,61.6584,6.08192,-13.3981,55.6256
74729.1,46290.4,-2.09412,120.642,331.506,4745.78,469.782,403.93,346.381,34.1035,-3.77835,-12.4828,13.956
86781.9,28891.3,-64.4643,56.2462,521.579,1783.33,803.61,371.023,277.79,5.28347,1.81721,-12.5873,22.7679
53744.1,40932.8,-175.112,151.625,1373.54,3514.93,391.859,571.347,553.237,2.92717,-16.4164,3.27737,132.485
89977.1,34951.6,-200.54,103.025,171.651,5610.61,379.81,101.921,219.695,39.4917,19.522,-36.2084,85.3453
122834,36785.3,-122.632,78.6913,572.552,7823.34,566.929,76.0097,242.405,81.4964,-9.89152,47.0435,5.27139
115540,52147.5,-44.8641,112.72,501.836,626.545,289.775,47.7571,83.5696,46.2342,-5.32718,1.36616,55.811
80076.9,37767,-33.6031,-43.6925,325.97,8150.72,426.731,116.792,532.924,31.4488,12.5763,-29.9718,112.384
131045,32443.1,-10.3181,61.3374,15.2245,158.517,135.618,591.935,839.36,23.403,-1.25545,-8.43597,14.3156
121643,40134.2,-52.9055,176.096,49.0908,925.644,253.924,715.224,726.904,115.113,-15.1672,30.4057,-5.71662
183514,59555.3,-68.4303,77.4191,60.1795,463.956,134.976,1304.65,1293.58,-5.89275,-26.4327,-64.5357,20.7553
132069,42016.7,-9.25208,133.803,78.0978,9425.51,88.837,84.3288,214.891,107.755,4.48419,23.012,58.3273
74668.6,39970.9,-36.8984,113.596,331.175,35.0334,473.281,646.984,539.928,-40.1854,14.9755,-43.1649,28.8634
116882,41036.4,-28.8411,52.9216,201.259,82.6848,580.787,510.37,461.213,13.3456,9.34891,-35.5288,103.968
130723,37893.8,5.82643,76.7915,142.148,622.223,136.929,19.2092,180.455,-18.7032,4.79238,10.2094,-16.9832
93180.2,33137,-2.81689,-8.36018,658.525,3392.43,769.354,457.08,333.065,16.7272,-13.5124,-0.526965,118.051
125410,45474,-208.083,41.3886,265.661,7217.77,207.682,-19.0663,322.876,93.2701,14.579,-3.45416,78.6659
117761,28963.6,-37.6734,28.7738,372.103,4260.25,305.665,96.8408,119.459,46.065,2.85069,-30.7464,24.0071
24944.7,20412.1,-82.3754,-17.2429,594.577,534.976,373.695,429.689,102.322,13.3111,-29.4363,53.9737,-6.55625
89635.4,44703.3,-84.8516,78.0777,491.566,7007.85,414.667,33.3336,164.872,17.7387,46.6487,-10.2207,71.991
107718,29978.4,13.8109,180.062,503.008,3782.01,982.096,85.2186,76.7257,18.6555,27.5469,1.85329,138.868
109863,48652.4,4.27271,146.509,663.329,3458.56,614.271,33.1423,259.171,3.98636,23.998,6.95796,66.5792
91166,48490.1,31.0558,-37.5078,168.89,7784.56,167.75,67.0479,234.229,2.06597,13.7319,-26.6574,54.4022
110116,26910.2,-110.857,124.982,12.6768,49.3567,35.7319,682.785,582.914,347.342,4.06979,-35.2106,-12.7657
65235.2,36655.1,-232.623,-80.4168,352.701,4181.03,364.239,67.8163,287.062,34.179,-10.5536,77.8529,35.3641
64570.8,22299.5,-268.079,93.1126,675.248,955.486,271.966,380.937,490.402,-2.89973,68.7846,-104.814,56.4169
121779,47147.1,8.25354,86.9864,136.403,236.73,205.964,633.071,731.655,-7.70493,-23.4523,-35.3607,33.8058
102118,22597.1,-117.918,-172.206,113.5,4247.68,432.209,133.722,63.2725,20.6548,1.09491,-32.2415,-3.12853
88748.4,22872.2,23.3061,-34.3516,419.451,3534.09,164.315,120.066,106.266,11.53,-13.1465,24.5772,55.9347
124482,39804.5,-51.2974,42.975,67.2115,745.54,166.395,605.562,504.378,17.7505,-34.5076,22.1624,63.2776
149099,27193.5,-20.9995,130.228,-17.9737,6839.09,51.7828,811.758,606.967,76.2263,19.6209,-20.8904,48.2007
105070,46399.7,-145.389,226.87,696.375,8264.81,782.484,78.8954,157.355,50.563,-8.97909,33.8109,80.3443
133210,30726.5,-23.7077,71.7584,28.0176,1159.52,104.953,887.808,552.92,4.73847,5.52237,-34.6314,-14.2997
18844.8,36565.5,3.121,65.5799,1418.7,201.749,405.857,46.4738,68.1752,-29.1333,1.98304,-10.702,34.9505
28130.7,43256.5,-26.4755,83.4943,1690.92,523.415,333.244,76.9869,309.84,-42.351,-14.006,-24.8223,57.9713
73969.8,57275.5,-101.048,-4.4095,899.862,709.585,407.215,403.005,497.233,-11.6498,13.8573,-22.8453,88.9119
101231,30531.6,-128.398,31.9199,475.041,4773.01,269.144,61.1261,243.25,-16.5215,-11.1983,32.7729,36.3654
68813.6,22516.3,-64.0726,15.836,10.0665,252.991,144.345,533.561,375.731,47.5911,6.57671,-9.84434,29.9875
118902,22886.4,-10.7764,83.363,285.638,2919.45,208.576,68.404,209.304,15.8801,-21.166,57.0029,37.077
88111.5,25576.1,-12.4854,166.409,523.756,5161.88,324.056,121.901,81.3595,99.783,4.17575,-36.2065,-19.8037
128525,42545.4,20.1959,31.7204,50.5557,561.207,163.109,271.121,702.789,1.02796,27.9904,-41.3671,92.8512
124949,39622.7,-73.3012,61.6107,35.0985,216.791,61.2133,772.528,551.321,5.65166,-22.0039,-12.4293,22.3428
115174,46751.5,-34.9271,121.489,129.891,555.743,192.145,393.375,360.332,4.38469,7.64078,-34.7316,60.0168
75931.2,22721.2,-202.96,46.2266,56.2906,1020.15,446.907,782.193,321.44,-36.479,7.13473,-53.9112,22.9682
54082.4,37235.4,-39.317,11.54,729.424,5413.76,311.64,101.366,250.245,29.0994,27.5289,-13.0808,72.5111
39149.5,23941.8,-101.333,199.167,831.25,1045.06,181.35,252.606,295.217,31.3796,-4.19681,6.85038,142.625
74432.3,32098.2,-37.4715,8.99657,99.2596,1578.82,763.716,419.675,510.825,-20.3211,-19.3452,-1.96329,89.0305
52813.6,26629.3,51.0181,-3.21946,528.721,4545.92,391.879,114.024,238.596,36.4102,16.5282,-20.3296,102.863
125945,26286.2,-23.3491,56.5088,21.559,-69.6037,45.9131,278.576,711.031,-24.7333,-33.2993,-0.16284,-10.6282
108947,51701,-41.8822,48.0551,37.5189,571.164,172.646,622.787,1310.11,12.181,-25.7987,43.5242,82.7458
61611.1,28991.1,-80.1397,104.336,340.391,7182.83,234.882,96.5729,178.295,104.71,19.058,-30.0205,46.0845
129094,42574.6,-22.1027,101.189,217.504,1483.23,176.735,607.102,511.95,55.8917,-8.01056,-26.9388,-6.95576
132650,57280.3,-10.9313,128.464,47.6045,420.822,236.536,1398.22,665.19,34.4245,-48.0243,-31.5911,93.1931
86778.8,22332.4,-1.39975,-1.66855,125.162,497.008,89.4808,-33.7707,97.9714,64.609,7.98608,13.9931,-11.0863
102349,53000,53.6543,9.28789,442.401,2251.56,245.216,63.6437,355.767,14.4348,16.8847,-10.521,22.6685
79477.8,21874.7,10.7991,19.5996,729.788,1522.15,186.358,312.535,256.328,19.7992,-32.0608,30.577,28.5139
89886.5,38326.6,50.8061,-50.0388,737.087,6522.23,535.845,75.1319,319.089,26.7616,24.6322,-8.65716,70.5791
97009.8,36499.3,50.8535,-21.1877,181.205,6979.98,215.992,53.4273,220.909,17.2659,21.4477,20.0282,103.269
126779,50490.6,-85.8647,7.28876,227.558,6989.12,355.744,128.392,365.44,12.686,11.9864,23.8432,76.3577
128790,27881.5,-56.4621,8.2659,288.353,5245.85,645.688,37.1215,206.516,-6.1022,70.0128,-18.22,116.86
55104.5,46531.2,-22.6848,136.978,848.841,708.876,1191.22,559.137,375.486,57.0525,22.8438,16.6994,115.854
120729,55248.6,-43.1088,48.1144,117.498,226.336,186.853,719.852,709.514,15.8987,-39.6352,49.1933,9.45074
83243.7,27714.7,0.520935,74.6955,1436.46,1135.81,427.737,114.448,148.762,42.1901,17.1448,-44.3544,28.0536
62492.4,37108.8,11.4358,101.969,48.093,273.527,352.817,332.624,320.386,42.1979,20.444,-42.9467,84.5189
43330.1,29558.6,0.434067,-335.446,1701.72,5290.34,1670.43,195.989,208.843,137.281,19.338,17.0081,57.0348
43999.7,25822.9,-143.138,22.2464,501.975,3013.43,234.198,61.2573,218.193,6.93739,-33.3466,10.037,78.8368
102660,27489.2,-86.3351,152.842,85.4217,3062.93,132.191,72.8154,101.157,61.4745,12.8446,-34.4344,38.5859
96550.6,30843.5,27.1104,11.0552,87.4411,4627.04,87.9698,37.3526,311.474,4.30684,-1.00309,-12.54,37.0627
30225.4,36708.2,23.1899,146.642,503.886,5520.59,404.886,50.4053,282.315,22.5725,-0.900758,-5.59965,37.9727
94926.2,38947.3,-111.309,237.018,436.854,8220.95,429.627,93.8402,211.317,101.577,3.36775,-22.6768,69.5989
124533,48442.6,49.6736,-27.199,502.718,4848.21,315.894,56.1397,349.024,9.82817,-8.78757,10.1209,49.812
78965,30675.4,-63.203,53.1346,295.092,4549.06,299.121,375.694,377.823,32.2983,-28.5304,-5.32213,36.0199
20532.8,22173.7,-94.7729,19.033,861.19,1214.28,230.083,548.154,341.879,6.73833,5.17801,2.47072,-0.400715
72214,22435.2,13.2013,-122.303,378.833,4806.14,134.01,64.0432,209.273,-11.343,14.5512,-11.3383,47.7459
87883.8,44673,24.0633,62.8848,185.733,214.181,285.42,660.411,935.706,-29.4168,77.3411,-87.3994,191.812
77040.6,24167.4,-54.4122,135.54,48.4752,-39.258,155.32,883.983,302.367,-21.7461,38.0933,-30.5872,97.3723
147929,39014.4,-110.571,27.6592,53.1649,687.883,122.189,499.814,367.466,17.402,23.6177,-18.2803,8.45824
111464,42110.3,-2.98816,-44.5931,37.8993,496.225,70.6164,735.216,964.961,-19.8659,-19.9722,-2.18465,36.3047
125008,43405,74.6809,39.5198,154.744,332.951,169.746,72.0088,309.293,-9.39365,12.2553,22.2463,83.5211
85116.4,21455.4,-49.6048,-50.3185,257.876,3634.75,634.084,632.155,434.738,29.9878,-3.595,-51.6732,46.0234
98490.9,33520.4,-52.6586,-61.8202,549.445,6689.65,217.275,86.6741,266.656,39.5103,-3.46878,-6.45015,18.6336
82860,19239.3,-31.5216,68.6485,875.977,3953.15,74.1074,92.4547,113.615,-1.25927,-4.92913,-21.8601,-9.43119
131407,26763.5,-196.198,57.1612,48.5662,9.17519,213.519,546.464,139.313,520.056,-8.335,-18.8792,76.0456
44608.4,45479.8,52.5783,152.198,372.66,41.2409,661.708,79.9074,363.057,-10.6025,-4.80846,-0.782755,132.239
91770.7,30928,-55.663,70.3634,108.517,1021.81,364.993,253.427,368.347,63.8537,6.01307,-23.4712,-6.49376
136795,28527.7,17.3235,156.351,321.663,413.077,493.116,523.64,232.228,38.2632,5.93316,-7.86907,67.7983
107319,44769.4,-66.6453,76.5708,172.466,2094.75,153.606,89.0996,187.831,56.7665,36.1509,-9.54446,66.2145
94870.9,28742.6,-49.1943,20.2796,407.082,3579.93,421.608,80.3588,108.53,52.6591,0.530321,9.11428,125.28
26759.6,34629.7,-1.93082,95.604,1044.34,3201.35,1391.35,301.716,270.152,16.8439,-12.6707,-7.35883,137.794
84270.3,31580.9,-34.8214,45.5615,57.855,1068.41,239.856,318.274,288.554,-4.65664,-22.4738,21.3465,111.097
101331,35988.2,-166.205,-29.2716,669.967,3818.29,462.129,91.1589,272.851,1.14137,10.0417,-8.17034,68.9962
127675,25478.2,-95.0747,89.475,14.4715,2624.36,180.448,457.039,428.579,25.3557,-12.8421,11.5529,52.3766
64355.9,59453.4,-36.5717,79.4394,1195.29,6875.42,656.204,116.422,194.102,33.0934,27.9155,-55.1771,113.207
23985,31681.1,-73.2579,102.983,1045.48,3916.49,346.443,119.735,123.599,52.8189,12.5158,-45.2999,77.8378
119400,41133.2,-147.287,-27.4732,98.436,8196.9,216.039,39.8649,151.267,31.3585,-17.218,14.9378,-18.53
135187,36412.8,-106.963,75.1332,91.5301,925.172,200.758,709.188,779.809,23.484,-36.6044,-83.8156,-21.173
97107.5,34983.1,-16.588,-104.646,494.51,7816.24,276.888,74.0254,277.289,-7.63792,14.5976,-16.9938,51.3646
145727,32663.2,90.3349,-36.1477,181.711,6985.38,75.9463,102.341,208.492,46.4388,29.1326,-20.3604,43.1915
113727,45360.7,-28.5581,3.28231,158.055,12769.8,146.352,530.359,550.382,68.6287,0.0144954,-19.8346,13.512
115701,26279.2,-48.8873,64.5117,101.791,4102.76,176.251,65.3578,124.078,69.6539,-2.35084,7.62533,-21.3266
46525.2,40900.7,53.5975,539.935,371.516,-34.2532,733.406,196.975,284.422,15.1128,24.4336,-9.33939,213.993
81111.1,61383.1,19.901,3.78966,1171.69,7335.36,635.034,521.529,533.741,-22.7819,-23.9118,33.2521,76.4843
101272,27888,60.6691,56.8927,123.106,9.5207,162.765,353.022,549.615,-61.3979,-16.7898,4.63721,49.0074
64188,41732.3,-9.74716,-3.37848,862.837,4911.88,577.401,57.9965,185.363,0.341587,1.77556,14.9993,120.172
61743.9,48009.9,-26.2563,109.594,1032.77,1336.62,530.479,268.152,401.767,48.4258,-9.15615,27.2659,117.242
96662.9,22895.1,-19.5893,133.682,44.4858,2023.63,47.4385,329.268,137.043,31.1395,-37.3722,16.0276,29.586
96749.8,27039.1,4.18701,49.2719,232.598,1105.77,21.2151,974.72,910.201,-5.69099,29.6045,40.6499,201.206
98961.7,42640.3,-33.4384,-51.004,403.906,3255.95,459.08,84.3833,197.301,-2.1831,15.9607,-13.1982,50.7415
104809,39361.7,-136.964,3.00532,5.38228,5712.72,129.656,68.2928,2.01469,72.3095,21.4886,-23.3685,68.1289
96504.8,31924.3,5.24789,68.8125,80.248,121.875,53.6305,583.998,694.139,-17.1169,29.3799,-54.4707,6.51432
131602,41537.5,-24.0675,80.1136,126.62,1230.53,95.4708,608.603,518.211,22.5308,-44.6649,5.73528,-14.0901
100616,29079.2,-15.2303,139.597,368.294,1962.34,451.98,346.771,307.146,4.77739,-3.89321,-9.03748,45.7559
107354,40669.6,-108.527,16.1051,308.781,6400.14,601.152,16.7093,286.228,59.4481,26.6751,55.8093,120.551
125413,38333.5,-86.7833,156.328,124.019,266.923,523.688,868.915,612.529,67.6789,66.8976,-61.8937,1.20604
108435,24525.1,-19.2762,53.8772,516.898,4127.66,330.168,55.8369,144.801,27.3362,8.2213,-20.5595,42.2647
117732,36862.8,-155.602,17.9495,58.4854,1825.44,239.412,802.762,935.805,8.43421,29.7584,-52.438,-18.1346
104281,32973.2,-53.0892,95.6183,179.212,6424.87,291.374,101.534,207.187,44.2253,-22.1932,14.6728,-15.6519
122622,52574,50.8837,-64.1889,335.408,9723.19,310.802,394.99,539.026,-19.3579,-31.8344,16.0262,16.6494
56788.4,41287.1,-14.8466,-14.2672,279.74,283.52,319.807,340.835,461.553,-2.2569,9.49913,-8.30471,31.4565
111617,24102.6,25.295,9.82568,180.917,5675.96,407.112,55.1707,240.852,8.49536,5.6503,40.543,106.725
141035,39882.6,1.71729,112.988,-0.885215,9736.18,47.5803,345.113,213.642,51.3515,6.16737,23.8985,30.6585
136052,49598.3,47.6335,73.9405,53.9478,10388.3,153.174,112.26,260.092,32.1165,35.9418,-10.4107,91.4254
138913,41157,-0.85553,14.3735,13.797,2280.96,96.8124,490.615,753.935,-19.0734,-28.9988,12.8057,25.534
83844.3,40231.1,-15.3995,96.1105,511.301,5391.95,545.47,136.686,251.768,-19.6114,13.6178,4.35627,69.564
122824,33514,-35.6214,84.8964,45.2864,379.91,59.454,423.036,412.833,27.1997,-5.58991,17.3829,1.18874
139964,29668,-24.9045,22.6353,37.7021,374.919,118.846,390.176,512.065,-7.49368,-19.9517,0.426581,36.0482
62643.7,24355.6,-80.4951,37.4622,786.572,178.204,284.807,692.931,137.104,-0.928307,-23.8506,-9.0813,79.9803
130542,45333.7,49.2917,-140.03,645.882,7249.55,184.002,1.14038,302.93,43.0487,-7.88706,9.47313,90.7562
107244,22366.2,-32.4007,177.779,333.012,485.329,485.424,332.948,174.288,23.1314,58.5844,-24.4178,81.832
134953,39307.6,-30.4978,-14.538,96.5087,2337.31,128.547,100.233,192.407,13.7144,-8.85326,-4.96406,5.12424
113818,34866.1,8.80302,103.651,237.272,3027.8,239.339,66.4164,301.316,34.4216,7.44414,4.35697,20.2112
60633.4,56546.2,-148.03,71.8641,1222.81,2420.2,741.076,576.26,207.349,87.2398,28.1559,-46.6376,-29.0923
127904,42568.2,-56.4359,87.9091,229.192,1344.14,302.847,440.394,349.961,37.8618,-5.10508,-22.7101,52.308
118874,47308.5,-10.231,-16.0965,108.386,1352.51,110.407,677.505,552.918,-19.7756,28.8665,6.03068,73.9634
85962.4,45933.3,-165.93,-98.2078,449.041,7915.31,406.827,83.3736,237.504,52.9703,-3.77115,13.268,59.873
140658,48138.2,33.678,179.642,78.3608,736.559,205.799,650.158,483.1,54.1742,-29.7449,-17.7205,-8.87017
132975,31455.4,-7.62914,56.937,24.4947,6845.26,81.5823,359.328,277.625,106.981,-27.6876,-12.4585,40.9811
67102.8,41386.5,-78.2731,10.7327,1145.93,8409.8,364.273,64.8363,239.85,71.544,23.7012,9.33997,100.35
35753.9,56984.6,-233.388,216.562,1284.04,5498.55,555.705,54.6276,356.554,23.238,62.3966,-13.5127,251.211
117184,48030.7,26.7156,-53.2272,495.996,7414.32,206.929,56.5563,249.174,77.385,26.0024,-14.9896,49.4684
114120,29140.3,-86.3209,115.925,77.7765,172.701,273.894,1305.07,428.81,-11.1703,-4.08889,-2.48357,47.0483
75861.6,35201,-53.1,94.9971,490.446,5955.92,290.85,44.442,178.877,37.3875,8.26752,8.87788,-20.58
67386.6,32267.3,-49.2504,33.5846,376.058,4938.77,667.545,68.0485,219.215,20.2909,11.3373,10.2344,94.6357
131319,39399.6,-3.39272,-15.7672,89.1624,241.315,176.365,648.439,490.199,26.9545,-6.6206,-17.707,56.7828
74512,35522.4,-136.982,-6.2781,1105.42,5189.95,1264.93,534.634,432.823,13.4347,20.7576,-23.3851,185.643
94378.9,33097.7,-52.5618,0.964465,84.3028,985.748,105.34,128.797,372.405,21.9106,-7.16203,28.4216,63.371
62967,34694.3,-293.364,37.6694,500.22,4562.95,944.224,309.47,236.087,55.6552,-4.47656,-19.0954,16.9074
81080.4,38788.5,-0.462952,47.5568,1666.76,4634.33,779.717,79.3129,209.503,-4.59444,-37.0208,-19.0655,43.2824
112237,47282.9,47.3651,-77.555,320.666,8824.9,189.082,123.143,432.206,26.487,5.33298,-2.9654,79.8853
109344,20449.7,-183.163,81.083,38.256,1194.3,125.758,585.814,101.616,77.6269,18.4673,0.722539,44.2871
91263.4,30950.3,33.1016,96.5354,444.732,66.5463,792.016,535.391,523.453,-9.58324,5.30703,-10.7133,66.4382
84777.2,24205.9,18.0077,102.445,659.162,128.866,357.066,57.9346,64.3901,64.5296,29.9045,-22.6401,109.352
105821,40350,2.27698,71.6496,1311.42,2872.56,1080.47,352.724,182.92,101.377,22.0224,-3.61847,46.5417
84260.7,36129.6,-167.762,23.8625,893.741,5991.93,1564.31,136.992,191.707,59.1769,29.3132,-33.1786,55.9434
60633.1,42453.4,41.8727,71.1612,449.013,3396.09,242.002,83.5507,24.3102,72.3878,10.4988,-36.0941,58.1743
112590,40030.6,-70.2551,77.43,702.442,5629.75,814.82,106.367,233.435,26.3078,-45.9687,7.6147,29.4983
131439,24545.3,-71.2845,73.0104,28.0022,368.724,101.436,689.386,725.744,543.604,-17.2131,-11.5846,42.832
27242.8,79578.2,-111.827,224.543,927.009,22.9125,2011.14,319.466,422.539,-42.7656,40.5016,26.6402,171.439
88094,30850.7,-17.3647,19.6603,76.6031,4534.12,175.818,436.445,261.657,39.6001,-26.4349,-4.24175,80.8291
104126,45629,-59.3867,42.5531,53.9763,481.405,146.737,408.762,714.979,-19.2191,30.9927,38.3123,37.5556
122309,31604.7,-27.4313,121.602,64.6051,6368.26,109.863,59.0852,149.123,16.624,5.20252,-23.4344,-32.7146
89147.9,31700.4,-165.242,111.601,516.941,450.305,565.391,141.084,333.64,16.2827,36.658,-41.4812,-27.9953
33569.6,34191,-71.5362,112.005,886.094,4872.48,426.756,186.784,240.545,40.0495,-4.17594,-11.2012,125.951
111524,30136,-56.4502,32.9687,338.747,5394.6,411.285,63.9803,170.229,-17.8332,-12.9258,27.3268,50.6401
69540,27248.9,-116.614,36.0806,422.57,2258.9,853.134,433.501,243.017,68.1261,56.789,13.2853,10.8654
38602.2,30620,-13.3762,57.9355,503.644,5638.88,986.212,303.446,347.672,44.585,-20.0079,-4.39895,189.175
116992,35328.8,-160.901,161.582,65.9463,426.524,609.692,601.541,594.473,46.3377,-7.72764,0.168558,15.4446
95620.2,51773.8,-117.442,-236.389,497.612,5666.71,710.598,72.311,183.703,-17.8867,15.5547,14.6259,10.7997
57876.9,53213.7,-29.2815,-44.5052,721.147,6857.55,430.238,79.4322,300.387,-40.5315,3.74894,9.49299,90.1797
108183,31673.5,-252.792,57.1325,134.439,481.836,423.119,1335.44,430.201,17.959,20.7093,-40.9105,35.9205
103798,40705.4,-76.3729,129.221,1100.24,8053.05,438.662,66.0204,298.879,-4.75335,15.8737,-25.2183,69.7877
111013,43489.9,-107.417,-81.2766,439.142,5560.21,757.273,113.986,153.967,26.8161,10.4348,-11.4084,-16.0764
155754,54675.7,-89.6069,24.2092,-11.137,1398.62,89.7246,842.202,1236.13,1.61925,-3.96829,-6.71015,-7.70781
64662.5,41217.8,22.7818,167.103,1342.99,562.659,282.945,291.235,210.079,17.0306,24.1662,-27.8597,56.3548
93934.1,29308.4,4.37988,74.8159,193.828,933.719,475.312,462.423,467.769,-12.0643,-17.5754,6.16158,68.2284
109680,38646.9,-144.159,37.0596,134.597,174.344,608.173,626.619,842.195,-21.8061,-4.49886,-16.0458,104.842
65884.5,49791.3,4.95578,119.598,777.466,-42.9872,508.176,93.4225,216.978,1.30827,-2.42568,-28.5062,111.183
63870.6,44806.2,-107.16,179.247,485.399,4500.61,582.316,817.348,652.349,-3.68755,31.464,-33.5188,99.4504
81711,31942.2,-47.9188,127.442,748.34,1552.06,1023.5,440.451,241.236,23.5941,42.7513,-2.49455,88.59
52459,28756.2,-11.2545,-15.4247,1171.45,5113.24,278.892,122.667,140.106,25.4661,25.6084,-31.7737,64.8378
75179.1,27279,35.2874,-179.006,100.256,7524.12,143.76,56.3154,193.392,29.1976,27.0075,-29.6336,86.3187
50209.2,32356.4,-92.1237,-43.7056,680.592,5133.36,412.136,423.154,517.288,52.6123,-6.92645,-65.9368,103.404
42086,46293.5,-13.2765,190.59,1076.14,3394.34,415.041,228.707,372.391,17.7984,31.0197,27.3597,266.798
137815,42653.4,54.8984,-29.8704,18.2717,9081.77,190.9,506.509,624.93,-48.0399,6.8127,5.80386,65.9746
142741,33286.6,-11.6754,27.4809,16.4586,236.895,37.4052,280.734,447.1,-14.397,-10.0101,10.6093,4.60965
60226.2,14501.6,11.5578,4.10394,36.4938,155.196,168.991,33.7521,210.011,3.38242,33.7459,-30.6818,45.0661
101086,52294.8,-942.207,-44.8146,884.331,6989.8,1615.12,476.231,155.034,32.4235,79.6921,-57.2134,17.1669
84627.3,57445,-112.601,160.572,795.394,6308.77,434.258,115.77,114.868,93.9016,12.9971,-11.5134,118.674
116377,30443.3,-11.4416,-16.0197,43.9586,406.051,276.237,583.636,583.4,-16.1092,0.579172,-10.0526,71.6495
95801.1,29630.2,-28.3412,162.148,356.113,156.487,430.247,226.762,156.777,57.089,-10.5417,-18.8149,27.0131
86494,28628,-16.3308,78.88,1106.69,833.685,163.259,333.571,199.677,34.3246,3.86736,-53.9381,4.36005
43201.5,30306.1,-69.5273,57.1632,650.736,3748.13,370.561,240.326,135.516,20.251,-22.1375,30.6114,42.869
141474,40623.8,5.25006,37.4062,262.467,2048.35,170.135,564.644,559.427,4.49182,-30.8689,41.3455,-13.5258
121338,32775.5,-69.5998,30.0165,201.986,1005.35,183.363,1108.47,628.968,42.5974,1.62677,13.7602,36.5728
140468,48437.8,-6.31067,24.3872,41.0313,332.829,153.665,857.097,1026.25,-29.1214,5.58881,-0.477705,32.6771
113357,58828.6,20.2711,41.7502,310.862,340.045,236.285,464.058,721.79,22.7604,61.7738,-15.9978,5.04321
66571.7,28133,-17.8761,54.3236,951.348,4136.1,599.561,31.4824,136.129,16.1674,52.212,5.04377,107.358
85686.6,14558.8,-116.822,116.629,244.214,589.023,343.946,568.342,238.624,41.8322,41.2542,-12.2411,107.458
81403,31522.8,-50.4133,76.5308,56.0155,85.557,233.439,460.981,208.866,-38.7944,8.45421,51.0481,-1.50228
275214,88951.3,-1510.64,-2800.93,208.775,-2808.33,288.685,347507,6091.8,1042.22,1863.1,19811.9,2019.5
89917.8,36491.5,-132.367,123.089,78.6623,2942.55,164.023,540.744,733.573,14.4042,26.3041,-14.2611,68.1696
121841,57531.3,-92.4589,91.5419,40.3015,83.241,150.25,891.667,1651.26,-79.9135,60.8948,-42.412,66.8641
102460,27455.1,1.85764,28.5432,147.368,-4.74248,453.797,406.041,524.043,298.256,-7.56583,-0.94006,68.7077
63179.9,84582.7,-251.148,344.627,1674.06,389.082,862.258,411.242,607.637,-5.23457,25.0542,37.592,225.498
61205.9,40847.7,-14.1721,58.7536,789.129,133.914,566.342,60.7955,248.322,-17.6343,56.0134,-35.5764,24.5427
190766,56307,-118.89,8.27486,618.698,8776.3,951.574,517.821,356.872,14.2496,11.196,41.8945,178.482
96822.3,28632,-70.8147,35.0648,348.965,5449.14,642.853,104.776,222.084,-26.8248,0.204665,-16.9211,109.32
131506,42365.4,9.28113,74.2551,181.106,1120.14,190.936,931.723,421.051,56.3124,10.3049,1.72743,24.5644
129250,36082,-23.0867,7.99965,83.9973,6892.04,107.652,76.9661,244.443,33.4764,0.667206,-11.4464,21.6176
48791.2,70899.6,53.8184,-19.364,449.537,9569,577.239,109.473,211.155,72.3122,13.4961,6.66385,119.278
136324,26277.9,6.04919,62.3222,15.6034,3272.83,55.6538,558.821,554.348,-6.03475,4.13573,-4.26304,54.3745
51271.8,38479.4,-49.6038,711.726,1126.12,6628.19,417.495,137.372,91.5047,144.164,15.1786,-21.2148,55.9524
83644.7,42165.1,-71.5284,201.999,499.018,5064.34,968.517,118.863,93.9992,34.9843,11.0973,-3.41253,149.159
77441.6,29337.3,-58.9812,311.269,655.306,5389.29,1238.7,163.142,150.872,103.803,5.52911,-15.1716,134.896
129797,45802.2,50.5565,83.2499,99.4121,758.038,178.389,678.744,726.962,25.6743,49.9286,11.8011,37.3218
110953,40221.8,-73.5726,92.1681,208.818,1573.14,559.558,189.105,428.661,25.7233,4.13865,-2.6297,5.35202
90625.3,50639,5.81442,-24.0121,711.997,2187.47,662.7,453.135,517.291,-29.577,33.7769,3.52801,77.9717
109337,31007.4,-123.755,-20.2859,792.25,6284.43,582.025,72.0174,138.77,43.3723,11.2059,-11.4246,99.3693
144015,45751.7,-24.3347,139.453,20.3511,65.6674,72.7631,1137.64,1144.97,78.8042,-10.8469,-6.22146,7.31385
105636,55921.9,72.0612,5.29422,136.053,754.092,375.651,627.331,719.633,31.6738,28.2733,-12.1618,85.4186
125742,45780.8,-40.9376,-192.624,315.764,13702.3,236.163,55.3986,341.147,2.72402,13.481,-3.27363,66.6427
116911,48091.1,-41.9295,-24.8882,110.901,1452.94,234.614,716.46,846.341,20.993,-25.4476,-40.2994,34.2466
90991.9,36035.9,47.9364,36.2071,209.575,4722.82,374.968,133.385,166.805,21.7585,13.1582,34.9946,112.702
73043.8,25900,-32.2515,92.7951,172.536,82.7933,668.393,474.229,216.073,61.6098,31.7489,-43.1061,126.054
85630.4,34948.1,-9.61957,39.0632,136.164,2644.08,427.572,364.403,466.265,43.843,39.5509,-32.0766,54.0676
72104.1,26364.2,-14.2425,84.4613,281.1,1110.96,619.638,745.386,171.721,19.3008,15.6126,4.0536,71.4614
129052,54860.2,-90.7538,157.397,41.2049,8681.09,110.732,1023.88,1069.88,8.94639,-32.4258,-30.3143,10.5887
114960,33576.8,-29.6422,198.035,202.968,344.448,225.952,1151.39,846.098,461.379,-11.019,-33.6398,23.0108
100268,44632.6,-68.9745,-39.7572,194.833,5905.06,645.987,108.492,180.687,15.841,-6.45839,-9.16858,70.5868
115222,31598,-8.44577,63.9271,114.502,51.4309,108.464,363.088,161.608,43.7553,-14.6082,34.6551,-9.15219
137361,41084,-28.7668,85.6829,110.343,1848.78,117.299,791.841,608.009,30.6648,-22.8371,-16.9942,41.1287
86921.3,35538.9,-44.0468,-91.8394,276.82,4509.73,601.867,152.218,124.104,44.0867,-3.95426,24.6774,-0.718993
109495,50218.8,34.8463,-78.3218,331.356,7788.97,336.001,147.566,481.536,28.0922,-22.5633,13.2543,121.02
110641,30811.2,49.1557,104.291,123.601,2955.89,522.779,303.646,252.574,81.7115,-13.8628,12.3281,11.5445
67497.7,29136,1.70291,49.7768,549.165,13.4683,385.386,360.745,475.208,-9.45669,17.825,-33.1175,57.9969
127064,45331.1,5.20126,27.5431,66.7241,870.156,337.257,594.261,1154.02,-12.3579,-12.1539,21.8629,71.2433
86702.2,33043.7,-52.5276,19.2057,211.787,5192,121.464,96.8629,249.057,40.4877,-1.19813,-21.7653,77.4768
119085,32451.1,-122.694,97.3947,66.2245,3915.92,95.1372,99.2918,185.111,65.6172,-18.0669,-26.5359,12.04
106623,25947.7,-11.1511,45.1504,456.824,3494.89,141.772,7.29513,148.194,68.9772,12.215,33.766,30.8431
84090.3,51756.7,-98.9692,10.6788,1172.38,4957,592.198,134.354,221.913,15.1898,-9.10745,-8.77526,80.7159
46719.1,38334,-32.5239,-31.7652,1254.02,7833.04,412.393,109.546,247.188,-14.4551,-6.37948,-8.09101,61.6077
107461,24308.8,-56.3752,21.1703,262.916,297.647,105.444,40.5024,78.1922,26.1648,9.97627,13.0125,7.9464
59227.6,46888.7,-127.396,66.7438,999.221,5677.98,389.19,81.5979,105.025,26.201,27.4826,-14.9372,12.9298
122401,35832.4,64.955,-48.4394,250.501,6206.66,266.588,111.601,304.536,-9.5193,-11.4543,-25.3295,23.0372
91437,57166.4,-14.4138,-207.675,607.375,7216.77,434.216,41.1748,337.057,-32.3039,-10.2223,46.2862,100.035
118987,35278.3,-60.3292,-17.0539,611.721,4731.22,186.74,114.783,273.21,13.8191,-6.73311,-43.5224,20.3539
110062,40263.5,-5.30649,140.724,69.1964,5034.38,115.25,437.903,490.807,33.4804,-14.3631,11.3086,13.4276
125045,43404.7,-40.8693,37.5809,99.0501,1379.44,86.602,447.847,674.994,-23.2165,-8.77347,-8.92916,56.6807
100986,29076.5,-11.909,103.042,235.457,41.1396,510.588,443.502,363.109,16.886,1.09652,-21.892,109.994
128619,35520.6,-34.6044,-38.0882,144.014,7852.11,356.064,866.456,473.364,46.0126,-16.2542,-10.6511,17.0151
122794,64234.7,-55.3227,140.729,682.496,6675.16,665.924,117.483,219.357,48.335,17.8032,9.35874,78.3854
130772,38277,38.2753,25.477,40.362,504.24,88.1088,525.097,642.567,5.5882,-13.6399,15.6333,30.1968
66263.4,28863.4,-91.1778,207.327,220.767,86.5903,1001.23,367.887,154.548,34.1538,0.248083,14.45,26.3046
129395,27716.9,34.9454,99.7107,197.336,1016.87,310.77,440.978,162.425,43.1273,-1.78987,10.6821,67.0805
93355.4,27895.3,-45.6191,-7.52556,83.0746,884.763,279.696,-3.07479,193.026,61.7942,-8.78042,65.2818,76.039
127283,27352.8,32.2549,37.5078,60.6404,115.948,130.321,773.306,538.212,-13.7749,-10.8011,2.86955,6.23945
35719,24703.6,-43.8096,44.1272,280.171,3655.31,365.433,330.559,504.83,-29.923,21.821,-36.9899,64.9467
43607.5,36928.4,-7.66434,20.2048,935.014,5700.5,201.897,47.806,208.396,33.9386,1.34357,-23.6036,91.6572
89045.2,60517,30.6882,42.397,271.185,199.037,450.454,754.577,523.827,44.2568,-49.0066,71.2169,112.595
87032.3,83964.2,-38.9681,-28.1692,744.496,4743.11,791.503,515.686,546.151,-7.60393,9.10678,-5.26508,3.02697
115054,36630.8,29.7756,29.5325,298.135,387.767,276.601,156.374,283.253,-11.545,-14.4426,70.8093,83.0645
123786,54926.6,-37.3018,85.2606,56.5454,1602.34,172.975,91.7557,313.276,8.75352,15.8229,-26.6986,54.3753
103381,29088.8,-52.3638,97.6314,63.2504,1890.91,502.522,319.197,169.596,-2.91986,-0.139628,-48.3631,16.6187
105085,31623.7,-48.6724,-12.2315,331.678,7684.18,730.083,72.254,303.274,34.5504,7.95704,-3.95591,85.73
52831.9,42193.3,-61.8583,45.6212,372.429,8801.7,375.225,87.3965,354.444,8.90414,17.3503,11.5465,24.6874
78250.3,21362.8,-104.452,126.161,175.627,46.5355,140.147,488.365,424.763,-32.1194,-9.29149,-8.73668,69.8484
138571,37705.5,26.5868,-61.3681,268.648,6707.2,250.998,102.212,310.889,-8.61572,14.1469,-27.7112,35.4609
129736,31305.8,66.5467,-30.1553,108.9,2774.83,128.117,179.107,302.497,18.4182,11.695,-2.62956,38.4786
107045,25683.2,-64.5523,143.481,129.228,83.4082,501.751,628.447,351.477,37.624,12.0728,-8.95571,68.0958
101969,34612.4,26.5464,140.063,224.936,1988.99,192.724,485.271,339.447,44.1657,-6.31341,0.762693,45.6792
126074,39776.1,-25.5911,32.8576,51.622,1591.65,130.977,443.665,655.133,-39.5152,4.61211,18.5711,18.0413
46918.6,31761.7,-76.0735,87.271,1336.34,5873.66,419.668,86.1691,190.232,61.676,0.165151,14.4484,153.05
25885.2,32849.3,-19.0174,-57.6697,681.92,4490.58,286.516,96.6281,317.243,26.3436,38.241,-21.2401,108.072
27594.9,29336.5,-5.77101,-117.921,1299.18,2730.24,166.395,17.7397,131.264,-8.62821,-2.56953,46.8,69.5572
98635.3,29978.9,-61.9367,-48.3612,269.246,4207.67,401.387,250.34,41.9933,49.3484,-6.41242,-67.9764,-40.7499
77988.6,47582.9,-86.0421,17.8415,536.725,2627.94,833.26,384.767,351.697,19.0116,-7.09679,-4.16371,140.904
111926,26810.2,-1.8656,-56.5463,110.923,3274.87,130.962,447.778,483.231,44.0215,-14.1297,-6.60906,7.41357
134653,41498.9,51.5573,7.45352,313.598,5321.72,277.621,388.658,336.77,-51.1216,14.1185,-14.9397,77.1487
134825,28430.2,51.5839,45.9463,44.5122,886.333,104.675,739.136,706.485,-3.31277,29.318,-19.3178,21.8302
69630,33233.1,-31.7341,-83.9542,1351.03,6468.68,385.609,123.461,438.848,-12.6356,1.74796,-31.1672,72.0353
87902.2,36851.3,3.35728,89.5834,346.94,125.156,643.233,469.185,334.266,28.8307,21.5487,22.9371,15.6305
16817.9,32810.2,-41.9298,51.5436,1505.35,1260.17,167.606,43.3149,72.1771,28.9494,-8.45551,-2.64776,20.4548
142069,49061.7,11.5292,-0.551746,113.304,657.505,177.44,547.234,818.969,-19.8049,-7.4737,20.6618,49.3555
74561.1,31723.3,-118.905,82.1049,206.805,4722.59,238.959,199.744,266.721,59.7005,8.0661,23.4326,78.3706
108683,44021.2,-0.345093,88.754,104.404,177.346,163.635,490.366,540.024,-19.4296,-19.048,29.905,18.1745
118960,22775.7,-40.2353,-54.8522,193.869,3484.49,235.443,28.6544,163.746,15.2366,18.2831,5.53576,38.7166
126577,30234.1,-74.8958,-29.4403,316.384,4115.77,481.263,69.034,238.729,-13.0819,-3.60641,-27.1805,35.7297
75792.3,34926.2,-99.2154,97.2507,300.972,52.8528,378.947,398.541,427.939,4.19112,-13.5494,-7.93788,75.4522
107837,23499.3,8.05507,27.2881,146.274,-14.3772,330.93,72.9623,197.688,10.2803,-7.86243,9.92835,51.1634
20028.8,39233.6,7.99991,55.31,920.358,-48.0965,459.237,50.5271,233.768,-6.21247,35.434,-22.2154,36.1737
90774.1,36214.8,3.0235,-51.5792,169.166,4795,370.048,55.7953,59.3212,-25.5808,30.4027,7.95764,48.529
67030.5,33233.8,-34.7379,157.556,1244.4,1456.49,312.488,344.512,342.464,30.2409,-12.2763,-2.18082,45.1871
125580,23306.3,29.4248,108.862,12.8172,3448.48,63.8332,272.347,282.562,-0.655222,-24.5829,-5.45816,14.0895
252827,98353.8,-446.601,-5469.83,252.437,-1132.43,-1265.75,358868,5403.9,295.146,4969.72,23839.1,1563.52
130825,52304.9,42.1033,6.60863,114.283,230.037,253.075,858.4,1066.13,-11.2552,-7.56784,3.89122,77.7875
47307.5,21633.7,0.128937,100.571,616.021,1214.57,181.506,370.638,178.658,18.3437,-2.70323,-0.872331,62.6862
89714,37789.4,-88.1096,90.4383,504.943,7431.16,496.085,73.6936,281.391,42.2968,-1.70897,-12.6739,90.7313
85712.7,22808.9,-23.9155,98.7741,134.227,4123.84,358.844,391.288,264.606,41.2556,2.29168,8.10454,12.3747
135968,30416,-5.07007,123.364,206.833,5143.63,177.524,41.6142,219.605,-1.55134,-2.43804,23.4687,48.4651
72989.7,21778.9,39.5533,9.61372,617.243,1248.99,231.42,282.855,370.347,21.7548,5.72762,-30.7485,-13.0808
135944,38535.4,-31.7943,-73.179,215.021,3709.68,204.695,140.788,340.495,47.152,-7.74903,-15.4777,37.7486
19174,35451.7,-9.19119,98.0752,819.782,82.7604,309.426,264.622,195.06,16.8228,7.44418,-46.0729,13.6573
63073.9,34743.9,-134.165,40.0743,121.308,443.787,579.822,493.609,718.296,-23.5125,-1.23996,10.2464,64.6032
51987.5,28376.4,-119.068,73.3856,965.242,1538.15,332.337,118.125,381.797,-0.129197,5.36853,-15.1623,85.9497
121753,45142.1,-1.90065,18.2849,104.432,839.809,264.882,437.17,514.822,-25.3737,92.1481,-55.6285,14.8157
101569,32129.1,-27.7786,50.9068,534.345,430.266,595.822,524.935,304.406,19.8439,29.5076,-25.4862,75.8076
94225,31242.3,-61.3192,47.4996,181.515,467.458,308.232,44.1501,247.155,-16.5994,2.3954,1.71087,10.1446
66872.1,38525.8,-112.363,-27.0067,1518.85,4623.48,1737.33,137.756,76.4296,38.8383,70.6584,3.72024,-29.8266
114131,38328.3,28.1483,-14.7964,394.621,7223.08,134.194,278.145,275.223,23.601,9.69956,-29.4464,74.4829
67640.4,21561.4,-110.571,178.894,317.841,655.92,518.815,335.089,155.157,60.4198,35.1556,-37.4853,175.258
98465.6,49139.6,-37.6252,26.6742,518.084,4776.7,336.021,81.6171,169.872,7.12451,4.51357,-61.0403,49.5837
80340,53727.5,-25.5399,23.5912,395.897,1815.71,497.321,570.363,510.598,5.57337,37.7024,-24.5463,56.9021
83323.3,44179.9,-62.2795,131.411,283.586,1192.06,475.833,338.993,462.032,4.28939,-25.5001,-12.3567,124.109
102246,32357.7,-37.0803,-12.6422,644.133,2782.48,534.652,89.5794,-14.9058,38.629,36.063,-15.018,94.8436
27073.2,21757.9,-50.508,54.763,1345.98,4312.19,424.243,79.9628,189.413,37.6319,4.15677,-9.31799,56.2398
63576.2,43527.5,-94.798,134.146,823.314,7680.3,481.629,131.779,174.737,50.3063,46.9059,-45.9651,97.7116
144914,35406.3,-23.2156,35.3184,71.211,13.8937,243.594,1233.87,361.72,374.421,67.2224,-47.2865,67.0608
79927.9,43028.6,3.62146,-3.08412,146.582,219.737,447.621,280.856,747.264,-48.2874,25.2405,-2.66745,77.8603
136031,44738.5,-54.9736,55.0725,78.8713,423.24,187.455,1158.9,771.81,18.9815,16.3668,-26.815,75.1209
98004.9,39062.3,-82.7137,118.157,387.439,47.6799,975.351,209.236,208.627,-16.9731,-0.835295,17.7009,102.741
122687,28100.4,-34.8975,135.498,178.854,2477.39,236.385,137.808,92.3933,-25.4049,-0.61286,-34.6677,-1.78572
33977.4,30925.7,-13.6475,135.683,932.219,258.112,364.592,59.0403,54.0386,20.4023,16.5682,6.96008,106.849
112175,47124.4,77.3412,-129.223,401.48,9938.93,264.428,136.283,285.853,65.9063,3.84448,11.3539,-0.375809
109833,34201.1,-23.1873,-32.5217,20.7327,178.466,50.5317,476.429,695.872,-5.48492,2.62152,-4.83534,26.1859
57463.2,19675.6,33.5856,-7.28359,130.825,2965.59,167.675,53.5073,64.9755,-9.56527,-14.9742,35.2709,49.7332
102236,28000.2,-122.435,-6.76915,353.581,6029.93,379.155,115.265,185.534,47.6346,-3.15186,-20.4932,13.6004
105297,40018.3,1.80582,59.8212,185.628,1632.93,104.835,702.857,540.631,-39.1838,44.1099,-0.188638,50.1234
123439,30864.8,-35.6174,-50.1273,22.3653,323.177,133.072,486.642,575.805,-24.7418,-10.479,28.5469,-11.4079
58445.9,36728.7,-135.343,122.976,307.162,5682.37,332.629,366.468,446.726,-34.8402,4.78481,29.7474,126.56
130458,39398,14.347,17.4159,69.4984,657.344,113.371,110.24,273.868,-2.46814,16.1403,-34.8239,13.2467
38236.3,26286.6,-66.6454,12.8855,919.483,5978.19,358.676,85.3062,272.185,16.5543,25.8111,-9.06116,125.724
107376,41209.5,88.0389,-19.1757,58.8419,5944.2,137.874,410.024,399.385,41.8977,5.93596,-17.9738,60.5864
146414,38556.8,-192.388,-16.5745,224.785,9216.35,291.946,28.8865,413.915,25.3005,42.6446,13.9469,94.4234
112780,31531.1,-54.4005,13.4356,297.25,5568.37,747.037,345.147,428.912,9.42273,-26.7939,25.9496,99.5858
122457,25619.7,10.2889,58.2223,55.4163,414.67,92.8474,715.1,316.091,107.043,-25.2467,42.9078,16.2955
83229.8,27119.5,-94.1198,147.037,642.057,2797.33,217.421,100.579,190.229,4.93684,16.0898,-24.0204,4.09997
72927.8,35070.7,16.0716,129.602,277.457,216.611,442.242,370.471,303.136,64.904,7.02832,-22.4709,78.9981
121664,22933.2,-69.7036,70.9305,140.029,5441.18,279.688,66.7752,201.832,11.7737,39.9831,-22.7678,57.0945
114201,47357.6,-134.742,26.1572,89.0249,803.218,263.876,636.804,804.602,116.052,49.8639,19.7284,34.0679
117970,28366.3,-35.6888,-40.8884,239.7,3646.24,296.61,67.3223,194.612,23.7695,-4.3729,0.297866,60.8845
14820.2,30312.1,-63.0164,128.461,1523.56,636.395,444.149,199.19,126.653,-16,11.8103,-33.0384,46.8854
75046.3,33623.5,-47.843,195.146,1037.04,4599.85,346.237,106.689,42.2431,50.8676,-1.58209,14.0421,98.1972
117466,25645.4,-178.855,43.0119,160.112,101.166,203.334,278.008,339.322,-8.93903,-20.8707,3.84083,-7.49608
63822.2,35104.3,-31.3348,56.1748,184.928,2757.07,230.84,175.807,46.0448,-20.9913,-7.25246,-12.2635,29.4672
147580,38919.2,-31.0562,66.7434,156.557,6737.8,59.5112,96.5224,221.873,45.4916,10.3906,-27.1975,11.4315
122748,39192.3,24.1481,-9.72832,371.243,3585.03,677.69,284.989,229.198,-32.7187,-21.0554,20.1345,48.6231
87883.1,28234.2,-151.133,150.63,497.56,134.629,1657.23,590.606,250.707,38.0985,58.7192,-18.7156,21.0144
59537.4,42655.5,-61.1984,-59.9154,970.087,4367.07,599.671,209.305,227.055,64.3491,42.4687,-37.0021,108.021
90657.2,28732.3,-117.578,4.63358,123.413,479.316,284.144,241.795,334.673,-11.9049,6.7841,39.8395,86.7098
87232.9,51766.5,-16.6106,97.2053,376.092,75.7422,442.57,627.421,647.886,0.559501,42.3562,-32.2077,32.661
111373,39682.3,-79.5372,63.9212,1165.45,4193.27,665.87,73.4692,145.574,22.0619,-8.52087,23.8935,134.471
87683.5,45177.9,-96.9678,52.7925,892.148,7764.19,319.605,2.87329,164.191,32.9106,1.47406,39.3525,86.8882
53608.1,55012.8,-23.0587,502.862,2287.64,32.6341,1178.44,401.24,134.51,7.09425,92.5375,-58.2086,80.2367
84493,22397.8,-56.9059,38.8712,198.098,2488.61,580.158,228.049,344.703,-45.1969,-19.0384,8.57637,60.8659
140568,44367.8,-26.5527,155.116,265.96,2878.07,292.851,630.486,347.332,67.1719,-21.8612,-19.6654,85.3796
114564,31372.4,-3.97778,-146.68,538.675,5646.57,310.604,397.491,212.033,27.8983,16.6872,2.38604,78.0233
52660.2,72305.1,-133.628,185.517,1017.53,6895.23,876.012,201.409,314.241,53.6052,88.8051,-61.6231,108.848
112547,42213.8,-70.9834,102.312,52.1636,9239.88,27.6595,106.694,212.403,92.3453,10.974,-22.0028,38.5578
116470,31756.1,-121.652,-32.992,137.217,4124.38,410.205,12.0735,307.067,-10.3429,15.3024,-30.6914,76.0194
128322,53780,39.3584,103.469,267.197,1564.36,255.441,506.73,755.386,69.6307,69.4813,-30.0199,56.3675
97794.4,44317.5,-39.6917,-75.9431,257.696,6855.82,331.818,60.7315,211.668,-15.3847,-7.12283,24.8876,63.8605
133099,45491.3,-34.1478,67.9374,96.8841,748.778,195.748,1045.94,576.393,7.92311,9.88863,-10.6906,108.726
111134,37505.7,-92.6281,92.6502,223.708,4152.13,159.984,72.2164,128.381,6.42421,-0.332887,-6.67052,10.553
31808.7,23550.5,13.0487,45.9998,738.055,2998.39,217.779,-26.409,111.236,-11.8347,24.8843,-21.8057,44.7683
103711,39795.3,6.75024,155.257,437.326,4192.24,728.152,470.843,392.694,-6.65448,30.944,-36.4125,103.57
76394.1,49395.6,-128.576,88.226,399.257,7620.17,337.144,88.5672,287.1,21.9848,7.7859,18.2807,100.067
112580,17292.1,-153.479,83.5239,191.494,49.6068,218.188,211.897,239.184,26.5048,5.62514,-25.3707,4.71012
75847.6,67682.6,-53.3912,24.4151,173.639,1970.26,483.786,540.934,768.991,9.11818,-25.3088,-49.9879,140.592
114877,20601.9,-40.8007,104.768,121.646,3114.9,129.985,-41.7403,17.1466,28.7538,2.59385,15.5544,22.1267
100360,37552.3,-1.37271,-87.2659,38.4898,12818.1,96.1816,490.207,535.868,17.6314,-8.08378,70.0643,-35.8002
111667,44196.9,-0.610779,-51.6323,388.508,164.189,512.816,68.5783,249.233,14.569,61.1692,-23.0379,47.0576
79758.7,31099.3,-70.3744,104.747,585.623,3613.81,716.041,32.6142,140.772,43.5991,32.4382,-41.7025,93.4557
96440,39478.8,-32.3689,-25.3524,263.38,3787.92,375.022,102.695,257.091,-38.4754,-15.5004,16.3256,37.6919
97696.6,23914.5,-9.20609,191.495,243.444,4523.77,341.633,106.456,101.721,48.2356,-9.79683,10.7628,72.8751
60043.2,36256.6,-8.75967,72.0654,434.347,4469.25,527.97,40.3382,123.694,-20.0678,13.0502,29.4651,161.532
21920.3,41891.7,3.84778,72.0892,1010.77,610.986,377.6,90.6422,127.559,4.54001,50.0887,16.8653,39.0805
126435,29965.8,-12.3424,63.3661,20.4994,371.184,75.7136,593.393,417.065,5.66251,22.1028,24.6766,19.4442
106265,28714.4,-130.608,-131.039,108.707,8577.61,241.541,59.5233,310.823,32.2429,-15.9871,26.3918,48.365
109361,28787.3,-57.0444,44.0531,16.1091,8308.62,40.594,444.59,437.31,69.7244,-14.3919,12.5607,21.1742
74550.1,44747.5,-65.3315,15.8353,826.851,855.125,646.664,57.8439,638.732,-42.5546,13.8081,12.8859,105.409
95597.3,39121,-72.6642,-2.77539,173.599,92.2802,133.226,755.558,506.115,-38.5674,23.4702,-23.5493,36.4018
59460.6,26111.7,44.4362,-40.1122,454.606,4605.82,165.016,71.9807,185.169,-12.2102,11.8385,-2.45462,92.1941
116832,27917.4,-5.82718,69.8768,36.6811,60.8567,88.3307,508.424,520.942,50.4397,5.78708,-11.6304,-7.01372
17473.2,29789.9,-33.4563,0.891806,687.448,1118.63,473.703,184.962,151.768,48.4532,12.8155,19.1154,25.4243
38419.1,45898.8,37.5352,-82.4517,771.198,7325.81,524.338,38.2396,289.842,-11.6408,26.6642,13.4022,92.9182
34572,34023.1,-44.0405,54.159,1053.08,2566.68,445.735,344.98,454.17,-27.7222,39.9207,-1.78393,143.332
56666.5,28001.2,-112.319,98.5888,685.605,937.995,245.082,316.931,149.568,49.8788,-30.5357,3.77533,29.058
98324.2,21660.4,-4.8266,143.298,110.946,280.586,233.933,84.0846,76.4116,1.65022,-5.30162,-21.762,45.1074
35188.5,39069.7,-107.677,73.1977,1502.16,7266.41,2184.33,72.0866,347.372,75.7088,21.7868,41.3326,156.815
137469,42049.9,-28.6257,55.0472,82.656,342.496,167.044,428.147,706.827,-11.1011,-12.2239,37.5282,29.4443
38145.5,31705.7,-69.4059,139.78,495.656,2580.46,660.561,607.18,439.848,9.00476,-10.2244,51.5875,173.8
83074.8,28326.8,-36.9469,65.536,7.9105,137.248,116.418,672.872,714.862,-34.66,2.03503,3.49987,-6.30513
130819,37709.8,-27.403,-5.27987,441.344,92.7363,573.044,78.9991,427.93,-47.8586,4.60769,-15.9576,54.2263
117843,34694.2,-64.4506,-4.81093,149.829,4106.59,233.647,55.625,217.451,-5.73198,6.30341,5.8718,51.0459
112860,39000.1,51.0225,-66.8982,281.066,5963.19,302.449,343.329,403.893,-36.9161,13.2488,1.14176,90.8201
69715.4,33382.7,89.0002,136.671,887.935,339.655,563.614,84.5158,252.911,28.098,40.5962,-1.04786,86.2958
106025,35710.1,-73.6959,-133.863,284.714,6401.29,338.141,66.1787,208.324,11.0692,-20.7889,-27.9737,20.9069
18371.8,26536,-11.7809,58.8239,767.01,5817.71,431.767,119.134,375.236,23.0191,8.1666,-39.7541,60.9369
65314.2,32140.8,19.2368,119.783,133.371,488.258,437.582,447.649,203.04,-18.7157,10.282,-31.1464,85.8957
123491,49135.2,29.7338,-25.5222,356.435,732.934,301.676,715.017,774.662,-27.11,43.2559,-37.9171,100.704
117851,37472.3,-23.9392,37.823,281.03,5813.69,245.036,61.8778,96.8531,11.425,-16.8976,17.1336,56.3409
114068,40463.4,29.6013,2.31738,168.917,9739.89,117.594,117.616,177.289,55.7715,33.7574,-26.5943,64.9681
92454.6,33707.7,-12.0868,90.4481,357.778,5060.94,522.064,127.213,186.368,-21.414,11.7414,-17.4183,81.13
138916,41402.4,3.62241,4.50417,68.0862,-49.8439,138.941,6294.6,752.422,17.4859,-29.9691,138.965,30.0569
125198,43563.1,13.9035,16.4489,208.058,8547.53,182.062,95.501,143.946,9.22031,-4.40233,23.3332,47.5678
78532,60282.8,-73.1778,-29.608,1233.27,7650.62,701.578,93.4666,51.6309,19.0774,-0.229202,5.40128,122.194
121046,31131.8,-25.8946,197.267,567.937,67.4061,1708.76,213.53,189.718,18.2177,40.8293,-6.36794,-4.90366
123846,33550.3,1.47821,148.348,368.234,1171.26,472.337,72.2953,129.768,-20.5619,72.0185,-20.1143,39.3982
65246.9,38836.3,52.0613,-117.857,317.72,6867.18,318.602,135.37,466.138,26.5434,60.8003,-51.2144,106.5
64005.8,14456.6,-64.056,52.9903,313.103,2712.75,477.115,206.522,71.3632,26.8373,2.79298,1.79916,13.767
141041,41984.2,-77.4541,145.034,63.9412,140.465,245.443,801.853,796.371,23.7709,-10.9023,15.2011,14.5034
88752.5,35081.2,-2.99988,23.671,108.111,3170.94,550.131,293.882,321.824,4.18493,-14.8946,-13.1389,144.965
145859,39409.1,18.9427,29.6982,102.62,418.394,129.148,88.244,184.99,0.811482,3.98549,-9.20453,37.9309
140296,36858.1,-27.0198,-136.51,9.14631,4606.86,57.2932,249.612,456.499,59.1199,-29.5211,29.123,49.7372
37520,39726.6,-77.3036,131.727,549.732,329.422,394.851,47.4126,196.917,-16.1038,24.2373,19.1401,128.367
134741,36030.9,-83.8488,-12.2445,73.2098,192.565,134.566,615.844,613.899,-12.5682,7.77463,-29.3524,46.4275
130323,41938.2,-76.1525,133.64,42.9468,205.479,264.282,822.566,782.08,30.8883,3.94494,-0.936288,25.668
63003.7,48718.5,15.425,57.6242,934.307,6536.56,447.935,92.4138,360.694,47.3854,15.988,-36.8395,108.946
61128.4,44860.5,-53.9039,-6.63243,563.897,3949,396.281,143.989,295.559,-10.0594,-1.81415,-11.7915,32.7392
36109,34804.6,-138.764,155.425,553.206,473.648,325.19,112.126,142.363,42.3395,-0.876544,44.74,150.851
122527,42142,-11.4728,143.469,78.0611,997.509,236.425,937.374,603.011,61.345,1.14634,-92.36,77.4049
121222,27856.3,1.50046,41.3446,26.4834,636.363,54.5763,405.535,353.937,32.4722,35.1634,-8.16803,-9.20078
22656.3,28958.3,-4.81873,154.197,990.675,1815.58,465.808,187.173,369.972,48.2951,20.1383,-44.0808,258.367
114215,27597.1,20.5548,-84.8897,-13.5956,9096.86,69.1525,198.242,578.749,-20.8764,-25.6665,18.2982,-40.1337
62158.5,28273.3,-13.0044,72.9207,191.139,43.1248,305.074,314.844,192.02,17.5331,-16.3009,-46.2555,13.1224
122694,23251.5,-40.423,96.3609,205.571,1558.61,258.147,253.391,285.589,9.88918,26.0958,19.5669,51.8955
100988,21076.8,-32.2478,31.3967,213.116,379.398,165.571,429.393,156.773,-0.95533,-54.7425,2.41956,14.5863
79840,63814.9,-116.768,95.5799,183.14,125.956,731.818,776.57,798.971,49.9637,-9.614,-19.5107,78.0947
33096,49784.5,51.1806,8.1028,1628.68,2041.1,372.67,65.1167,266.834,0.431691,8.0464,-30.9326,39.4068
94740.2,33969.1,-29.3827,142.819,498.26,4389.47,495.573,150.524,142.905,20.1056,-13.6494,-11.5895,48.6761
129794,38382.3,-5.61713,34.9036,-6.03596,10231.4,89.6395,1052.22,662.487,20.2129,-45.6305,34.7521,-48.9142
96316.9,26058.4,-201.959,109.071,125.368,32.6046,92.1535,138.21,186.663,30.6112,-16.8471,-9.79474,4.41014
97176.2,43207.7,-145.108,-219.505,310.452,4871.87,1046.98,266.193,163.11,63.3456,19.0532,-60.8425,6.25698
115449,35066.3,-37.9668,8.14775,36.3837,2288.65,176.39,705.203,1109.83,7.30254,25.8973,-48.416,11.9569
95687.5,27765.2,-74.5479,62.322,43.5378,4927.09,106.637,45.173,123.174,15.0258,15.0841,10.1193,66.9107
92618.4,31941.3,-3.44803,-33.5403,143.742,5028.59,111.059,-7.00733,175.647,-32.4257,27.611,24.5698,32.0249
125763,35450.6,-44.8135,157.761,20.7571,157.652,87.8985,527.78,576.829,11.82,-33.3121,35.1645,16.4438
106099,38616.8,-189.951,-65.9101,471.902,5141.51,315.068,576.225,349.982,68.0088,11.1649,-22.5224,70.6766
130579,34411.5,-101.73,47.5061,57.0442,2462.79,134.355,-20.1098,313.303,11.0857,1.68252,21.6982,13.7382
116481,38610.2,-36.8564,50.292,19.5229,764.215,78.5318,641.481,648.563,36.6156,-0.35118,-10.403,7.08576
144938,38960.8,10.9527,56.5087,-14.1721,9012.14,72.4473,61.7445,226.246,7.40229,-1.12619,12.4588,17.6941
117905,23324.2,-13.828,89.7704,219.16,312.779,310.805,487.91,423.904,6.15159,6.4548,-18.3569,43.4136
117697,29168.9,-83.0082,103.877,85.5773,322.358,684.235,343.671,216.155,-12.907,64.5604,-58.9604,106.662
139668,37294.8,-35.2123,-9.69338,47.1292,204.032,99.6785,896.237,1061.13,-12.7973,-36.9658,35.7034,74.0315
65147.9,28317.3,0.875259,116.41,1168.49,3101.08,233.837,247.818,261.516,14.2521,-19.0876,9.43773,4.32947
88068.6,31642.9,-5.81818,40.5196,492.111,152.055,153.507,270.778,398.045,5.25152,-29.251,53.6908,-10.8073
85105,21927.9,12.0262,85.7414,541.254,2476.97,650.076,307.801,223.527,20.2328,29.0091,-52.2627,54.1901
106042,30461.2,-53.3775,32.9421,7.05018,0.151051,70.9676,299.782,280.854,13.2413,53.4975,-47.0318,11.4738
16468.8,39091.8,-445.319,40.0092,784.185,507.475,1200.75,385.173,65.5481,-11.8208,-6.83524,-2.48529,34.4656
114754,34235.9,-95.1603,-34.9285,38.7589,-8.04914,185.69,761.089,655.303,38.6193,5.89224,73.8578,49.6557
126958,29167.7,-30.8989,62.2079,29.2383,150.432,34.2302,317.701,342.148,11.77,-0.764311,2.88852,-28.8469
24212.3,31946.4,-11.9266,183.426,1140.42,174.971,390.895,463.961,165.064,55.8067,-2.89559,27.6591,155.658
21491.1,45717.5,37.1215,-45.0595,1516.01,4171.27,497.82,377.229,196.154,24.4195,-12.5413,-11.2818,16.6466
107809,31791.2,2.05487,97.4537,254.236,1167.11,456.027,307.255,54.5501,69.958,11.3946,-36.3589,127.943
144782,44236.8,-15.9381,59.4294,152.259,1142.74,227.977,351.844,563.103,-9.26639,-0.0433995,16.9141,33.2649
134046,27404.1,0.83963,-213.031,187.505,6088.23,331.187,199.606,201.781,80.8671,94.1507,-17.1501,66.8598
90868.8,40949.9,-97.9677,67.9692,627.363,2566.23,941.6,248.829,246.338,23.8058,0.138076,17.1548,134.187
73824.1,38174,-41.6821,-34.4269,237.758,6180.39,559.026,81.1624,241.327,23.2814,-2.25325,-11.1047,74.7072
76387.9,37256.2,-156.447,28.9859,935.679,5171.6,614.082,264.769,308.825,14.5486,1.66611,-58.2377,-13.0044
111707,36840.4,-34.29,95.0372,65.9978,668.885,192.661,1177.91,741.45,43.7695,14.1187,-43.0595,63.2225
115318,40163.2,-4.08771,72.0228,95.7817,56.4622,187.035,553.887,421.126,-16.1472,10.6053,-5.48517,42.1022
139736,49896,-27.6417,148.858,116.988,827.337,258.175,954.116,714.972,23.3286,-1.60606,-67.1504,90.0505
129843,33510.5,-45.0605,73.0342,68.2812,327.023,254.325,734.627,592.273,16.4534,13.8992,-14.3497,-7.05055
66423.9,57516,-36.5493,-13.7752,744.269,4707.88,858.779,534.965,362.857,4.01216,13.3576,73.8954,109.53
124116,33946.8,58.9859,-53.3321,330.299,9250.8,164.4,679.576,778.044,102.601,57.0309,-55.8705,124.331
117787,29979.3,-4.53662,105.069,198.088,6124.18,433.283,153.948,262.776,17.4999,40.405,-36.7809,58.4615
56098.6,28463.6,-126.412,-17.5557,428.6,4425.14,565.509,290.067,85.9972,34.5997,-5.51917,-11.8855,31.6596
107486,34280,-88.3029,106.851,330.827,223.786,182.331,1193.21,596.051,-62.3493,8.00832,-54.2399,117.975
69913,39843.8,-16.8698,19.157,37.0099,4259.25,224.113,429.662,621.524,-46.6611,39.354,5.8402,70.3252
136588,37031.8,-8.93958,53.312,501.007,123.009,638.426,160.068,255.265,-10.2998,-0.294799,-6.99977,88.7956
121433,51939.8,-64.5333,151.93,98.1618,528.055,359.783,817.272,724.245,117.367,13.8261,10.5157,-48.9685
72438,48083.9,52.0331,-65.0573,606.985,8718.92,530.706,64.5371,199.215,0.653172,16.2546,-14.6989,153.644
125717,29970.9,-9.93869,52.8796,1.4542,326.1,73.6342,253.499,407.278,-46.347,23.3157,-33.9859,19.4721
102970,32503.6,-59.9778,210.377,152.287,7782.11,178.23,825.395,231.62,10.5171,-0.342421,-4.85891,59.9312
84944.8,34349.7,-87.0146,148.419,340.684,2688.92,708.896,27.5305,169.014,7.79028,32.0903,-4.24971,118.294
88497.9,18879.4,53.8141,-8.34129,73.2691,17.1619,273.158,43.7335,221.153,-26.4281,-4.99541,40.6877,79.1369
96268.8,51306.5,-36.4001,-33.5864,132.362,8739.53,141.627,52.342,276.101,22.0245,-12.4861,44.4427,78.9963
61343.4,53647.8,-125.015,14.1271,537.792,1147.09,365.9,73.5996,247.502,-26.9904,-1.51923,-7.06493,95.9118
135668,32927.3,-25.3072,52.0796,40.115,9144.46,131.59,518.085,295.534,70.4589,1.30443,12.3086,115.771
121928,24857.1,-107.407,47.3343,129.341,12.811,316.196,89.4767,298.417,-53.0123,38.5708,-16.126,97.8563
99552.6,38572.2,-128.349,-80.3755,683.899,6387.82,403.697,99.9005,210.644,78.6312,43.738,-56.8667,33.7267
118442,55062.5,1.17419,54.8699,583.075,3412.29,291.932,107.273,454.764,-19.1642,39.0212,-55.6913,91.427
119432,29774.8,-105.97,78.5298,234.639,766.865,147.808,148.817,40.1379,-1.70771,4.48224,-27.8439,-4.78887
77786.3,43217,-212.61,177.319,1354.17,521.753,859.161,526.301,287.037,-5.24862,17.1338,-27.4789,78.46
113650,34414.9,-47.1769,86.6305,20.29,11500.3,106.579,600.739,431.999,46.0929,-5.70964,-29.7899,48.6519
92033,41677.2,-56.5939,-115.365,886.492,7886.03,329.767,104.187,283.555,70.241,-3.47067,-10.7936,100.622
25388.7,28854.5,49.5039,26.1749,910.39,410.955,283.554,109.744,74.8561,26.2771,-1.291,4.91536,17.8449
109290,43855,33.5365,-31.8995,55.3165,170.605,198.589,298.19,736.653,-43.087,21.8549,-35.3086,54.442
108121,36397.3,-30.6215,79.3586,217.746,13428.3,220.451,869.828,393.028,11.4844,-43.0418,-1.37792,89.7529
103602,29015.2,-19.82,-39.9264,46.0666,103.282,103.963,565.99,503.736,-49.4353,7.88844,49.7877,23.2768
121919,36905.9,-20.043,47.1052,137.603,463.675,153.881,478.543,668.604,-11.3011,68.9221,-26.8279,88.2379
129720,33589.1,-104.457,84.3255,79.2846,2604.38,219.665,371.005,303.394,-31.8025,-31.5874,8.85209,73.3413
108588,28423.2,-21.1299,-18.4754,39.7773,1929.57,41.5909,552.984,412.348,15.9677,4.61003,-7.7877,-4.24393
77649.1,42599.4,-97.7013,74.8941,449.446,429.611,620.367,179.089,51.9058,46.9726,-6.62534,-30.8125,32.5601
21922.4,43168.5,-75.19,42.9777,732.132,761.275,1560.18,354.186,333.918,-22.4452,7.33271,-31.0125,32.6097
111589,55708.5,-114.463,35.5121,505.932,1966.2,364.997,1026.95,635.211,52.3632,2.98984,55.4598,79.9815
81008.3,40183.7,-91.4237,91.986,382.674,6053.29,359.856,103.665,245.979,69.2228,-3.11155,-26.2484,54.8767
120166,44742.1,-59.4138,84.3275,312.657,9188.93,363.906,57.6053,355.862,22.7172,-0.0269673,8.76021,84.4801
125948,33458.5,-21.3243,64.4826,9.99621,21.5227,38.7207,321.723,251.984,49.3963,-20.1202,-3.77379,-1.3911
79665.4,59132.3,-29.605,26.4858,814.713,7048.22,506.056,42.8088,86.0425,21.9346,7.9509,-0.440161,148.307
64311.5,56424.5,42.3211,49.3255,878.292,4346.12,434.062,28.1732,205.747,0.98412,50.9597,2.78019,39.7831
44662.3,23618.4,-62.0846,50.2894,888.269,693.072,191.046,333.356,331.704,-2.28264,-14.6322,33.7582,35.4129
118208,23726.2,-372.378,143.015,122.731,10.881,792.503,947.475,123.739,2.99943,26.4801,-10.9396,17.6498
98672.6,30297.9,1.65442,-44.4644,98.8354,7934.14,169.803,82.6413,222.377,-7.87321,-9.85914,25.6803,41.3242
90114.6,49815.1,41.9322,106.607,529.779,8075.75,561.924,105.45,265.848,16.5206,16.4844,22.398,41.3955
84534.4,46166.8,-67.1873,11.2206,261.809,5838.49,555.29,169.389,288.232,69.0201,-3.92005,-53.8105,90.6535
91593.4,25121.1,30.7917,44.1657,716.61,2260.86,655.884,63.294,29.5787,37.7756,9.12231,0.816788,89.6844
111562,49984.4,-2.83646,24.3093,32.4884,-52.3044,127.893,756.794,865.791,26.1435,-3.50145,19.0003,81.4463
47879.1,37175.3,-8.27405,74.0873,624.82,157.478,265.36,218.822,225.768,6.00626,-4.64895,-35.549,124.869
80573.1,42526.3,-64.9216,2.27985,868.419,7594.35,435.42,42.8305,462.182,-60.5616,12.3579,-4.17646,49.1937
105617,19866.3,-66.3946,40.6085,174.628,867.845,169.206,68.4992,253.684,28.8623,27.2194,-19.8848,49.0103
99912.6,41784.4,-60.6917,0.529668,604.93,7114.11,274.329,62.9929,198.942,49.1132,6.11245,-10.8304,35.0073
129402,65593.5,-44.3088,52.683,63.0232,983.883,163.419,719.49,1163.42,12.792,-38.1679,-30.852,4.8071
129008,27433.6,-173.143,-110.862,81.9315,5999.41,223.477,585.241,293.713,35.8048,18.3338,5.88502,36.0315
110359,29130.2,-23.0572,3.79673,15.2428,550.752,176.1,437.855,577.939,-7.31976,-16.5107,12.1179,23.7088
29686.8,54000.3,30.2021,-18.2477,1307.05,6300.41,532.869,132.721,171.837,33.8379,25.0183,-44.744,88.2215
136061,44824.5,-95.1816,9.23153,164.885,6683.55,381.397,62.3898,250.493,15.9707,16.526,-21.0148,72.1372
106871,46234.3,-175.484,142.804,457.078,7379.04,875.554,43.8821,157.461,27.5489,39.9992,1.23213,57.6744
76028.6,39207.9,-82.4631,53.5322,1095.27,2861.46,826.732,4.11833,76.3047,51.6775,28.5602,-27.9405,112.469
113469,38369.4,51.9986,42.35,155.62,559.549,73.2415,45.8694,80.6718,27.9608,-32.4017,16.3513,63.2494
94198,55158.7,-31.4935,-76.9409,1087.31,5496.61,345.028,47.4376,274.028,-36.243,-12.9919,-2.08944,50.4266
89671.7,66551.8,-27.1573,110.207,1538.06,904.962,507.318,84.2925,234.291,7.50906,0.361059,15.8671,89.3706
105163,22000.8,-22.8064,49.6613,283.377,849.076,442.762,493.811,292.092,13.4738,1.47982,26.0842,96.5432
145624,36656.7,-211.006,112.046,47.0751,168.24,399.141,488.819,479.384,-7.0495,-1.99654,19.8601,29.8087
